{
  "logistic_regression": {
    "cv_mean": 0.884407793731851,
    "cv_std": 0.016112826761321683,
    "metrics": {
      "accuracy": 0.8625,
      "precision": 0.9759615384615384,
      "recall": 0.8787878787878788,
      "f1": 0.9248291571753986,
      "roc_auc": 0.6474266474266475,
      "pr_auc": 0.9671036822756947
    },
    "best_params": {
      "model__penalty": "l2",
      "model__C": 0.01
    }
  },
  "random_forest": {
    "cv_mean": 0.9845729969712362,
    "cv_std": 0.00455865173594939,
    "metrics": {
      "accuracy": 0.9625,
      "precision": 0.9663865546218487,
      "recall": 0.9956709956709957,
      "f1": 0.9808102345415778,
      "roc_auc": 0.7845117845117846,
      "pr_auc": 0.9894640943340542
    },
    "best_params": {
      "model__n_estimators": 500,
      "model__min_samples_split": 2,
      "model__min_samples_leaf": 1,
      "model__max_depth": 20
    }
  },
  "gradient_boosting": {
    "cv_mean": 0.9834920318237831,
    "cv_std": 0.003065711239086787,
    "metrics": {
      "accuracy": 0.9625,
      "precision": 0.9663865546218487,
      "recall": 0.9956709956709957,
      "f1": 0.9808102345415778,
      "roc_auc": 0.6334776334776335,
      "pr_auc": 0.9772385801676211
    },
    "best_params": {
      "model__n_estimators": 100,
      "model__max_depth": 3,
      "model__learning_rate": 0.05
    }
  },
  "xgboost": {
    "cv_mean": 0.9840425155670938,
    "cv_std": 0.002913469378911828,
    "metrics": {
      "accuracy": 0.9583333333333334,
      "precision": 0.9662447257383966,
      "recall": 0.9913419913419913,
      "f1": 0.9786324786324786,
      "roc_auc": 0.6267436267436268,
      "pr_auc": 0.9777864522535962
    },
    "best_params": {
      "model__subsample": 0.8,
      "model__n_estimators": 200,
      "model__max_depth": 6,
      "model__learning_rate": 0.05
    }
  }
}