{
  "logistic_regression": {
    "cv_mean": 0.8261621635150778,
    "cv_std": 0.0204722274334349,
    "metrics": {
      "accuracy": 0.75,
      "precision": 0.9723756906077348,
      "recall": 0.7619047619047619,
      "f1": 0.8543689320388349,
      "roc_auc": 0.6724386724386725,
      "pr_auc": 0.9778228026196495
    }
  },
  "random_forest": {
    "cv_mean": 0.9845729969712362,
    "cv_std": 0.00455865173594939,
    "metrics": {
      "accuracy": 0.9625,
      "precision": 0.9663865546218487,
      "recall": 0.9956709956709957,
      "f1": 0.9808102345415778,
      "roc_auc": 0.771043771043771,
      "pr_auc": 0.9875787247885714
    }
  },
  "gradient_boosting": {
    "cv_mean": 0.9796844649293608,
    "cv_std": 0.0026835127966875136,
    "metrics": {
      "accuracy": 0.9583333333333334,
      "precision": 0.9662447257383966,
      "recall": 0.9913419913419913,
      "f1": 0.9786324786324786,
      "roc_auc": 0.595959595959596,
      "pr_auc": 0.9747625873617489
    }
  },
  "xgboost": {
    "cv_mean": 0.9818864265163864,
    "cv_std": 0.003955177727831809,
    "metrics": {
      "accuracy": 0.9583333333333334,
      "precision": 0.9662447257383966,
      "recall": 0.9913419913419913,
      "f1": 0.9786324786324786,
      "roc_auc": 0.6503126503126504,
      "pr_auc": 0.9789769047299832
    }
  }
}